timestamp,model,command,cost,input_files,output_files
2026-01-31T20:23:55.420,,sync,0.0,,
2026-01-31T20:24:05.973,,sync,0.0,,
2026-01-31T20:24:15.186,,sync,0.0,,
2026-01-31T20:24:24.445,,sync,0.0,,
2026-01-31T20:24:32.914,,sync,0.0,,
2026-01-31T20:24:45.921,,sync,0.0,,
2026-01-31T20:24:54.399,,sync,0.0,,
2026-01-31T20:25:02.744,,sync,0.0,,
2026-01-31T20:25:11.235,,sync,0.0,,
2026-01-31T20:25:45.933,,sync,0.0,,
2026-01-31T20:26:14.547,,sync,0.0,,
2026-01-31T20:26:23.128,,sync,0.0,,
2026-01-31T20:26:31.681,,sync,0.0,,
2026-01-31T20:26:39.891,,sync,0.0,,
2026-01-31T20:26:48.219,,sync,0.0,,
2026-01-31T20:26:56.484,,sync,0.0,,
2026-01-31T20:27:04.879,,sync,0.0,,
2026-01-31T20:27:13.228,,sync,0.0,,
2026-01-31T20:27:21.084,,sync,0.0,,
2026-01-31T20:03:19.876,anthropic,generate,4.50861715,https://github.com/potable-anarchy/scraps-n-bids/issues/1,
